Workbook

Sheet Inputs
B2: Monte Carlo Simulation
B3: Project Cost Estimation with Uncertainty Analysis
B5: INPUT VARIABLES
B6: Variable | C6: Minimum | D6: Most Likely | E6: Maximum | F6: Distribution | G6: Random Value
B7: Labor Cost | C7: 50000 | D7: 75000 | E7: 120000 | F7: Triangular | G7: =_xlfn.LET(_xlpm.u,RAND(),_xlpm.f,(D7-C7)/(E7-C7),IF(_xlpm.u<_xlpm.f,C7+SQRT(_xlpm.u*(E7-C7)*(D7-C7)),E7-SQRT((1-_xlpm.u)*(E7-C7)*(E7-D7)))) -> 104643.29
B8: Materials Cost | C8: 20000 | D8: 30000 | E8: 45000 | F8: Triangular | G8: =_xlfn.LET(_xlpm.u,RAND(),_xlpm.f,(D8-C8)/(E8-C8),IF(_xlpm.u<_xlpm.f,C8+SQRT(_xlpm.u*(E8-C8)*(D8-C8)),E8-SQRT((1-_xlpm.u)*(E8-C8)*(E8-D8)))) -> 24574.226
B9: Equipment Rental | C9: 8000 | D9: 12000 | E9: 18000 | F9: Triangular | G9: =_xlfn.LET(_xlpm.u,RAND(),_xlpm.f,(D9-C9)/(E9-C9),IF(_xlpm.u<_xlpm.f,C9+SQRT(_xlpm.u*(E9-C9)*(D9-C9)),E9-SQRT((1-_xlpm.u)*(E9-C9)*(E9-D9)))) -> 11949.389
B10: Permits & Fees | C10: 3000 | D10: 5000 | E10: 8000 | F10: Triangular | G10: =_xlfn.LET(_xlpm.u,RAND(),_xlpm.f,(D10-C10)/(E10-C10),IF(_xlpm.u<_xlpm.f,C10+SQRT(_xlpm.u*(E10-C10)*(D10-C10)),E10-SQRT((1-_xlpm.u)*(E10-C10)*(E10-D10)))) -> 5508.8716
B11: Contingency | C11: 5000 | D11: 10000 | E11: 25000 | F11: Triangular | G11: =_xlfn.LET(_xlpm.u,RAND(),_xlpm.f,(D11-C11)/(E11-C11),IF(_xlpm.u<_xlpm.f,C11+SQRT(_xlpm.u*(E11-C11)*(D11-C11)),E11-SQRT((1-_xlpm.u)*(E11-C11)*(E11-D11)))) -> 8607.8033
B13: SIMULATION MODEL
B14: Total Project Cost | C14: =SUM(G7:G11) -> 155283.58
B15: Expected Range | C15: =TEXT(SUM(C7:C11),"$#,##0")&" — "&TEXT(SUM(E7:E11),"$#,##0") -> $86,000 — $216,000

Sheet Simulation
B2: Simulation Results
B3: 1,000 iterations using triangular distributions
B5: SIMULATION OUTPUT
B6: Iteration | C6: Total Cost
C7: {=Inputs!C14} -> 155283.58
B8: 1 | C8: =SUM(D8:H8) -> 147035.84 | D8: =_xlfn.LET(_xlpm.u,RAND(),_xlpm.f,(Inputs!$D$7-Inputs!$C$7)/(Inputs!$E$7-Inputs!$C$7),IF(_xlpm.u<_xlpm.f,Inputs!$C$7+SQRT(_xlpm.u*(Inputs!$E$7-Inputs!$C$7)*(Inputs!$D$7-Inputs!$C$7)),Inputs!$E$7-SQRT((1-_xlpm.u)*(Inputs!$E$7-Inputs!$C$7)*(Inputs!$E$7-Inputs!$D$7)))) -> 87723.039 | E8: =_xlfn.LET(_xlpm.u,RAND(),_xlpm.f,(Inputs!$D$8-Inputs!$C$8)/(Inputs!$E$8-Inputs!$C$8),IF(_xlpm.u<_xlpm.f,Inputs!$C$8+SQRT(_xlpm.u*(Inputs!$E$8-Inputs!$C$8)*(Inputs!$D$8-Inputs!$C$8)),Inputs!$E$8-SQRT((1-_xlpm.u)*(Inputs!$E$8-Inputs!$C$8)*(Inputs!$E$8-Inputs!$D$8)))) -> 31797.239 | F8: =_xlfn.LET(_xlpm.u,RAND(),_xlpm.f,(Inputs!$D$9-Inputs!$C$9)/(Inputs!$E$9-Inputs!$C$9),IF(_xlpm.u<_xlpm.f,Inputs!$C$9+SQRT(_xlpm.u*(Inputs!$E$9-Inputs!$C$9)*(Inputs!$D$9-Inputs!$C$9)),Inputs!$E$9-SQRT((1-_xlpm.u)*(Inputs!$E$9-Inputs!$C$9)*(Inputs!$E$9-Inputs!$D$9)))) -> 11267.764 | G8: =_xlfn.LET(_xlpm.u,RAND(),_xlpm.f,(Inputs!$D$10-Inputs!$C$10)/(Inputs!$E$10-Inputs!$C$10),IF(_xlpm.u<_xlpm.f,Inputs!$C$10+SQRT(_xlpm.u*(Inputs!$E$10-Inputs!$C$10)*(Inputs!$D$10-Inputs!$C$10)),Inputs!$E$10-SQRT((1-_xlpm.u)*(Inputs!$E$10-Inputs!$C$10)*(Inputs!$E$10-Inputs!$D$10)))) -> 5037.7203 | H8: =_xlfn.LET(_xlpm.u,RAND(),_xlpm.f,(Inputs!$D$11-Inputs!$C$11)/(Inputs!$E$11-Inputs!$C$11),IF(_xlpm.u<_xlpm.f,Inputs!$C$11+SQRT(_xlpm.u*(Inputs!$E$11-Inputs!$C$11)*(Inputs!$D$11-Inputs!$C$11)),Inputs!$E$11-SQRT((1-_xlpm.u)*(Inputs!$E$11-Inputs!$C$11)*(Inputs!$E$11-Inputs!$D$11)))) -> 11210.079
B9: 2 | C9: =SUM(D9:H9) -> 135939.31 | D9: =_xlfn.LET(_xlpm.u,RAND(),_xlpm.f,(Inputs!$D$7-Inputs!$C$7)/(Inputs!$E$7-Inputs!$C$7),IF(_xlpm.u<_xlpm.f,Inputs!$C$7+SQRT(_xlpm.u*(Inputs!$E$7-Inputs!$C$7)*(Inputs!$D$7-Inputs!$C$7)),Inputs!$E$7-SQRT((1-_xlpm.u)*(Inputs!$E$7-Inputs!$C$7)*(Inputs!$E$7-Inputs!$D$7)))) -> 84034.572 | E9: =_xlfn.LET(_xlpm.u,RAND(),_xlpm.f,(Inputs!$D$8-Inputs!$C$8)/(Inputs!$E$8-Inputs!$C$8),IF(_xlpm.u<_xlpm.f,Inputs!$C$8+SQRT(_xlpm.u*(Inputs!$E$8-Inputs!$C$8)*(Inputs!$D$8-Inputs!$C$8)),Inputs!$E$8-SQRT((1-_xlpm.u)*(Inputs!$E$8-Inputs!$C$8)*(Inputs!$E$8-Inputs!$D$8)))) -> 24801.16 | F9: =_xlfn.LET(_xlpm.u,RAND(),_xlpm.f,(Inputs!$D$9-Inputs!$C$9)/(Inputs!$E$9-Inputs!$C$9),IF(_xlpm.u<_xlpm.f,Inputs!$C$9+SQRT(_xlpm.u*(Inputs!$E$9-Inputs!$C$9)*(Inputs!$D$9-Inputs!$C$9)),Inputs!$E$9-SQRT((1-_xlpm.u)*(Inputs!$E$9-Inputs!$C$9)*(Inputs!$E$9-Inputs!$D$9)))) -> 10458.523 | G9: =_xlfn.LET(_xlpm.u,RAND(),_xlpm.f,(Inputs!$D$10-Inputs!$C$10)/(Inputs!$E$10-Inputs!$C$10),IF(_xlpm.u<_xlpm.f,Inputs!$C$10+SQRT(_xlpm.u*(Inputs!$E$10-Inputs!$C$10)*(Inputs!$D$10-Inputs!$C$10)),Inputs!$E$10-SQRT((1-_xlpm.u)*(Inputs!$E$10-Inputs!$C$10)*(Inputs!$E$10-Inputs!$D$10)))) -> 6290.8146 | H9: =_xlfn.LET(_xlpm.u,RAND(),_xlpm.f,(Inputs!$D$11-Inputs!$C$11)/(Inputs!$E$11-Inputs!$C$11),IF(_xlpm.u<_xlpm.f,Inputs!$C$11+SQRT(_xlpm.u*(Inputs!$E$11-Inputs!$C$11)*(Inputs!$D$11-Inputs!$C$11)),Inputs!$E$11-SQRT((1-_xlpm.u)*(Inputs!$E$11-Inputs!$C$11)*(Inputs!$E$11-Inputs!$D$11)))) -> 10354.245
B10: 3 | C10: =SUM(D10:H10) -> 145627.7 | D10: =_xlfn.LET(_xlpm.u,RAND(),_xlpm.f,(Inputs!$D$7-Inputs!$C$7)/(Inputs!$E$7-Inputs!$C$7),IF(_xlpm.u<_xlpm.f,Inputs!$C$7+SQRT(_xlpm.u*(Inputs!$E$7-Inputs!$C$7)*(Inputs!$D$7-Inputs!$C$7)),Inputs!$E$7-SQRT((1-_xlpm.u)*(Inputs!$E$7-Inputs!$C$7)*(Inputs!$E$7-Inputs!$D$7)))) -> 83297.41 | E10: =_xlfn.LET(_xlpm.u,RAND(),_xlpm.f,(Inputs!$D$8-Inputs!$C$8)/(Inputs!$E$8-Inputs!$C$8),IF(_xlpm.u<_xlpm.f,Inputs!$C$8+SQRT(_xlpm.u*(Inputs!$E$8-Inputs!$C$8)*(Inputs!$D$8-Inputs!$C$8)),Inputs!$E$8-SQRT((1-_xlpm.u)*(Inputs!$E$8-Inputs!$C$8)*(Inputs!$E$8-Inputs!$D$8)))) -> 27844.986 | F10: =_xlfn.LET(_xlpm.u,RAND(),_xlpm.f,(Inputs!$D$9-Inputs!$C$9)/(Inputs!$E$9-Inputs!$C$9),IF(_xlpm.u<_xlpm.f,Inputs!$C$9+SQRT(_xlpm.u*(Inputs!$E$9-Inputs!$C$9)*(Inputs!$D$9-Inputs!$C$9)),Inputs!$E$9-SQRT((1-_xlpm.u)*(Inputs!$E$9-Inputs!$C$9)*(Inputs!$E$9-Inputs!$D$9)))) -> 12207.08 | G10: =_xlfn.LET(_xlpm.u,RAND(),_xlpm.f,(Inputs!$D$10-Inputs!$C$10)/(Inputs!$E$10-Inputs!$C$10),IF(_xlpm.u<_xlpm.f,Inputs!$C$10+SQRT(_xlpm.u*(Inputs!$E$10-Inputs!$C$10)*(Inputs!$D$10-Inputs!$C$10)),Inputs!$E$10-SQRT((1-_xlpm.u)*(Inputs!$E$10-Inputs!$C$10)*(Inputs!$E$10-Inputs!$D$10)))) -> 5253.1652 | H10: =_xlfn.LET(_xlpm.u,RAND(),_xlpm.f,(Inputs!$D$11-Inputs!$C$11)/(Inputs!$E$11-Inputs!$C$11),IF(_xlpm.u<_xlpm.f,Inputs!$C$11+SQRT(_xlpm.u*(Inputs!$E$11-Inputs!$C$11)*(Inputs!$D$11-Inputs!$C$11)),Inputs!$E$11-SQRT((1-_xlpm.u)*(Inputs!$E$11-Inputs!$C$11)*(Inputs!$E$11-Inputs!$D$11)))) -> 17025.062
B11: 4 | C11: =SUM(D11:H11) -> 149906.11 | D11: =_xlfn.LET(_xlpm.u,RAND(),_xlpm.f,(Inputs!$D$7-Inputs!$C$7)/(Inputs!$E$7-Inputs!$C$7),IF(_xlpm.u<_xlpm.f,Inputs!$C$7+SQRT(_xlpm.u*(Inputs!$E$7-Inputs!$C$7)*(Inputs!$D$7-Inputs!$C$7)),Inputs!$E$7-SQRT((1-_xlpm.u)*(Inputs!$E$7-Inputs!$C$7)*(Inputs!$E$7-Inputs!$D$7)))) -> 90678.557 | E11: =_xlfn.LET(_xlpm.u,RAND(),_xlpm.f,(Inputs!$D$8-Inputs!$C$8)/(Inputs!$E$8-Inputs!$C$8),IF(_xlpm.u<_xlpm.f,Inputs!$C$8+SQRT(_xlpm.u*(Inputs!$E$8-Inputs!$C$8)*(Inputs!$D$8-Inputs!$C$8)),Inputs!$E$8-SQRT((1-_xlpm.u)*(Inputs!$E$8-Inputs!$C$8)*(Inputs!$E$8-Inputs!$D$8)))) -> 27410.762 | F11: =_xlfn.LET(_xlpm.u,RAND(),_xlpm.f,(Inputs!$D$9-Inputs!$C$9)/(Inputs!$E$9-Inputs!$C$9),IF(_xlpm.u<_xlpm.f,Inputs!$C$9+SQRT(_xlpm.u*(Inputs!$E$9-Inputs!$C$9)*(Inputs!$D$9-Inputs!$C$9)),Inputs!$E$9-SQRT((1-_xlpm.u)*(Inputs!$E$9-Inputs!$C$9)*(Inputs!$E$9-Inputs!$D$9)))) -> 15588.709 | G11: =_xlfn.LET(_xlpm.u,RAND(),_xlpm.f,(Inputs!$D$10-Inputs!$C$10)/(Inputs!$E$10-Inputs!$C$10),IF(_xlpm.u<_xlpm.f,Inputs!$C$10+SQRT(_xlpm.u*(Inputs!$E$10-Inputs!$C$10)*(Inputs!$D$10-Inputs!$C$10)),Inputs!$E$10-SQRT((1-_xlpm.u)*(Inputs!$E$10-Inputs!$C$10)*(Inputs!$E$10-Inputs!$D$10)))) -> 6723.2042 | H11: =_xlfn.LET(_xlpm.u,RAND(),_xlpm.f,(Inputs!$D$11-Inputs!$C$11)/(Inputs!$E$11-Inputs!$C$11),IF(_xlpm.u<_xlpm.f,Inputs!$C$11+SQRT(_xlpm.u*(Inputs!$E$11-Inputs!$C$11)*(Inputs!$D$11-Inputs!$C$11)),Inputs!$E$11-SQRT((1-_xlpm.u)*(Inputs!$E$11-Inputs!$C$11)*(Inputs!$E$11-Inputs!$D$11)))) -> 9504.8814
B12: 5 | C12: =SUM(D12:H12) -> 153258.97 | D12: =_xlfn.LET(_xlpm.u,RAND(),_xlpm.f,(Inputs!$D$7-Inputs!$C$7)/(Inputs!$E$7-Inputs!$C$7),IF(_xlpm.u<_xlpm.f,Inputs!$C$7+SQRT(_xlpm.u*(Inputs!$E$7-Inputs!$C$7)*(Inputs!$D$7-Inputs!$C$7)),Inputs!$E$7-SQRT((1-_xlpm.u)*(Inputs!$E$7-Inputs!$C$7)*(Inputs!$E$7-Inputs!$D$7)))) -> 94827.853 | E12: =_xlfn.LET(_xlpm.u,RAND(),_xlpm.f,(Inputs!$D$8-Inputs!$C$8)/(Inputs!$E$8-Inputs!$C$8),IF(_xlpm.u<_xlpm.f,Inputs!$C$8+SQRT(_xlpm.u*(Inputs!$E$8-Inputs!$C$8)*(Inputs!$D$8-Inputs!$C$8)),Inputs!$E$8-SQRT((1-_xlpm.u)*(Inputs!$E$8-Inputs!$C$8)*(Inputs!$E$8-Inputs!$D$8)))) -> 29807.043 | F12: =_xlfn.LET(_xlpm.u,RAND(),_xlpm.f,(Inputs!$D$9-Inputs!$C$9)/(Inputs!$E$9-Inputs!$C$9),IF(_xlpm.u<_xlpm.f,Inputs!$C$9+SQRT(_xlpm.u*(Inputs!$E$9-Inputs!$C$9)*(Inputs!$D$9-Inputs!$C$9)),Inputs!$E$9-SQRT((1-_xlpm.u)*(Inputs!$E$9-Inputs!$C$9)*(Inputs!$E$9-Inputs!$D$9)))) -> 13405.001 | G12: =_xlfn.LET(_xlpm.u,RAND(),_xlpm.f,(Inputs!$D$10-Inputs!$C$10)/(Inputs!$E$10-Inputs!$C$10),IF(_xlpm.u<_xlpm.f,Inputs!$C$10+SQRT(_xlpm.u*(Inputs!$E$10-Inputs!$C$10)*(Inputs!$D$10-Inputs!$C$10)),Inputs!$E$10-SQRT((1-_xlpm.u)*(Inputs!$E$10-Inputs!$C$10)*(Inputs!$E$10-Inputs!$D$10)))) -> 4609.9557 | H12: =_xlfn.LET(_xlpm.u,RAND(),_xlpm.f,(Inputs!$D$11-Inputs!$C$11)/(Inputs!$E$11-Inputs!$C$11),IF(_xlpm.u<_xlpm.f,Inputs!$C$11+SQRT(_xlpm.u*(Inputs!$E$11-Inputs!$C$11)*(Inputs!$D$11-Inputs!$C$11)),Inputs!$E$11-SQRT((1-_xlpm.u)*(Inputs!$E$11-Inputs!$C$11)*(Inputs!$E$11-Inputs!$D$11)))) -> 10609.117
B13: 6 | C13: =SUM(D13:H13) -> 174764.48 | D13: =_xlfn.LET(_xlpm.u,RAND(),_xlpm.f,(Inputs!$D$7-Inputs!$C$7)/(Inputs!$E$7-Inputs!$C$7),IF(_xlpm.u<_xlpm.f,Inputs!$C$7+SQRT(_xlpm.u*(Inputs!$E$7-Inputs!$C$7)*(Inputs!$D$7-Inputs!$C$7)),Inputs!$E$7-SQRT((1-_xlpm.u)*(Inputs!$E$7-Inputs!$C$7)*(Inputs!$E$7-Inputs!$D$7)))) -> 115326.21 | E13: =_xlfn.LET(_xlpm.u,RAND(),_xlpm.f,(Inputs!$D$8-Inputs!$C$8)/(Inputs!$E$8-Inputs!$C$8),IF(_xlpm.u<_xlpm.f,Inputs!$C$8+SQRT(_xlpm.u*(Inputs!$E$8-Inputs!$C$8)*(Inputs!$D$8-Inputs!$C$8)),Inputs!$E$8-SQRT((1-_xlpm.u)*(Inputs!$E$8-Inputs!$C$8)*(Inputs!$E$8-Inputs!$D$8)))) -> 30840.351 | F13: =_xlfn.LET(_xlpm.u,RAND(),_xlpm.f,(Inputs!$D$9-Inputs!$C$9)/(Inputs!$E$9-Inputs!$C$9),IF(_xlpm.u<_xlpm.f,Inputs!$C$9+SQRT(_xlpm.u*(Inputs!$E$9-Inputs!$C$9)*(Inputs!$D$9-Inputs!$C$9)),Inputs!$E$9-SQRT((1-_xlpm.u)*(Inputs!$E$9-Inputs!$C$9)*(Inputs!$E$9-Inputs!$D$9)))) -> 10482.024 | G13: =_xlfn.LET(_xlpm.u,RAND(),_xlpm.f,(Inputs!$D$10-Inputs!$C$10)/(Inputs!$E$10-Inputs!$C$10),IF(_xlpm.u<_xlpm.f,Inputs!$C$10+SQRT(_xlpm.u*(Inputs!$E$10-Inputs!$C$10)*(Inputs!$D$10-Inputs!$C$10)),Inputs!$E$10-SQRT((1-_xlpm.u)*(Inputs!$E$10-Inputs!$C$10)*(Inputs!$E$10-Inputs!$D$10)))) -> 4862.6183 | H13: =_xlfn.LET(_xlpm.u,RAND(),_xlpm.f,(Inputs!$D$11-Inputs!$C$11)/(Inputs!$E$11-Inputs!$C$11),IF(_xlpm.u<_xlpm.f,Inputs!$C$11+SQRT(_xlpm.u*(Inputs!$E$11-Inputs!$C$11)*(Inputs!$D$11-Inputs!$C$11)),Inputs!$E$11-SQRT((1-_xlpm.u)*(Inputs!$E$11-Inputs!$C$11)*(Inputs!$E$11-Inputs!$D$11)))) -> 13253.275
B14: 7 | C14: =SUM(D14:H14) -> 152879.48 | D14: =_xlfn.LET(_xlpm.u,RAND(),_xlpm.f,(Inputs!$D$7-Inputs!$C$7)/(Inputs!$E$7-Inputs!$C$7),IF(_xlpm.u<_xlpm.f,Inputs!$C$7+SQRT(_xlpm.u*(Inputs!$E$7-Inputs!$C$7)*(Inputs!$D$7-Inputs!$C$7)),Inputs!$E$7-SQRT((1-_xlpm.u)*(Inputs!$E$7-Inputs!$C$7)*(Inputs!$E$7-Inputs!$D$7)))) -> 77708.997 | E14: =_xlfn.LET(_xlpm.u,RAND(),_xlpm.f,(Inputs!$D$8-Inputs!$C$8)/(Inputs!$E$8-Inputs!$C$8),IF(_xlpm.u<_xlpm.f,Inputs!$C$8+SQRT(_xlpm.u*(Inputs!$E$8-Inputs!$C$8)*(Inputs!$D$8-Inputs!$C$8)),Inputs!$E$8-SQRT((1-_xlpm.u)*(Inputs!$E$8-Inputs!$C$8)*(Inputs!$E$8-Inputs!$D$8)))) -> 41393.77 | F14: =_xlfn.LET(_xlpm.u,RAND(),_xlpm.f,(Inputs!$D$9-Inputs!$C$9)/(Inputs!$E$9-Inputs!$C$9),IF(_xlpm.u<_xlpm.f,Inputs!$C$9+SQRT(_xlpm.u*(Inputs!$E$9-Inputs!$C$9)*(Inputs!$D$9-Inputs!$C$9)),Inputs!$E$9-SQRT((1-_xlpm.u)*(Inputs!$E$9-Inputs!$C$9)*(Inputs!$E$9-Inputs!$D$9)))) -> 12099.399 | G14: =_xlfn.LET(_xlpm.u,RAND(),_xlpm.f,(Inputs!$D$10-Inputs!$C$10)/(Inputs!$E$10-Inputs!$C$10),IF(_xlpm.u<_xlpm.f,Inputs!$C$10+SQRT(_xlpm.u*(Inputs!$E$10-Inputs!$C$10)*(Inputs!$D$10-Inputs!$C$10)),Inputs!$E$10-SQRT((1-_xlpm.u)*(Inputs!$E$10-Inputs!$C$10)*(Inputs!$E$10-Inputs!$D$10)))) -> 4302.9834 | H14: =_xlfn.LET(_xlpm.u,RAND(),_xlpm.f,(Inputs!$D$11-Inputs!$C$11)/(Inputs!$E$11-Inputs!$C$11),IF(_xlpm.u<_xlpm.f,Inputs!$C$11+SQRT(_xlpm.u*(Inputs!$E$11-Inputs!$C$11)*(Inputs!$D$11-Inputs!$C$11)),Inputs!$E$11-SQRT((1-_xlpm.u)*(Inputs!$E$11-Inputs!$C$11)*(Inputs!$E$11-Inputs!$D$11)))) -> 17374.335
B15: 8 | C15: =SUM(D15:H15) -> 168544.74 | D15: =_xlfn.LET(_xlpm.u,RAND(),_xlpm.f,(Inputs!$D$7-Inputs!$C$7)/(Inputs!$E$7-Inputs!$C$7),IF(_xlpm.u<_xlpm.f,Inputs!$C$7+SQRT(_xlpm.u*(Inputs!$E$7-Inputs!$C$7)*(Inputs!$D$7-Inputs!$C$7)),Inputs!$E$7-SQRT((1-_xlpm.u)*(Inputs!$E$7-Inputs!$C$7)*(Inputs!$E$7-Inputs!$D$7)))) -> 107979.25 | E15: =_xlfn.LET(_xlpm.u,RAND(),_xlpm.f,(Inputs!$D$8-Inputs!$C$8)/(Inputs!$E$8-Inputs!$C$8),IF(_xlpm.u<_xlpm.f,Inputs!$C$8+SQRT(_xlpm.u*(Inputs!$E$8-Inputs!$C$8)*(Inputs!$D$8-Inputs!$C$8)),Inputs!$E$8-SQRT((1-_xlpm.u)*(Inputs!$E$8-Inputs!$C$8)*(Inputs!$E$8-Inputs!$D$8)))) -> 27471.169 | F15: =_xlfn.LET(_xlpm.u,RAND(),_xlpm.f,(Inputs!$D$9-Inputs!$C$9)/(Inputs!$E$9-Inputs!$C$9),IF(_xlpm.u<_xlpm.f,Inputs!$C$9+SQRT(_xlpm.u*(Inputs!$E$9-Inputs!$C$9)*(Inputs!$D$9-Inputs!$C$9)),Inputs!$E$9-SQRT((1-_xlpm.u)*(Inputs!$E$9-Inputs!$C$9)*(Inputs!$E$9-Inputs!$D$9)))) -> 16446.322 | G15: =_xlfn.LET(_xlpm.u,RAND(),_xlpm.f,(Inputs!$D$10-Inputs!$C$10)/(Inputs!$E$10-Inputs!$C$10),IF(_xlpm.u<_xlpm.f,Inputs!$C$10+SQRT(_xlpm.u*(Inputs!$E$10-Inputs!$C$10)*(Inputs!$D$10-Inputs!$C$10)),Inputs!$E$10-SQRT((1-_xlpm.u)*(Inputs!$E$10-Inputs!$C$10)*(Inputs!$E$10-Inputs!$D$10)))) -> 5595.8742 | H15: =_xlfn.LET(_xlpm.u,RAND(),_xlpm.f,(Inputs!$D$11-Inputs!$C$11)/(Inputs!$E$11-Inputs!$C$11),IF(_xlpm.u<_xlpm.f,Inputs!$C$11+SQRT(_xlpm.u*(Inputs!$E$11-Inputs!$C$11)*(Inputs!$D$11-Inputs!$C$11)),Inputs!$E$11-SQRT((1-_xlpm.u)*(Inputs!$E$11-Inputs!$C$11)*(Inputs!$E$11-Inputs!$D$11)))) -> 11052.123
B16: 9 | C16: =SUM(D16:H16) -> 149345.78 | D16: =_xlfn.LET(_xlpm.u,RAND(),_xlpm.f,(Inputs!$D$7-Inputs!$C$7)/(Inputs!$E$7-Inputs!$C$7),IF(_xlpm.u<_xlpm.f,Inputs!$C$7+SQRT(_xlpm.u*(Inputs!$E$7-Inputs!$C$7)*(Inputs!$D$7-Inputs!$C$7)),Inputs!$E$7-SQRT((1-_xlpm.u)*(Inputs!$E$7-Inputs!$C$7)*(Inputs!$E$7-Inputs!$D$7)))) -> 83685.669 | E16: =_xlfn.LET(_xlpm.u,RAND(),_xlpm.f,(Inputs!$D$8-Inputs!$C$8)/(Inputs!$E$8-Inputs!$C$8),IF(_xlpm.u<_xlpm.f,Inputs!$C$8+SQRT(_xlpm.u*(Inputs!$E$8-Inputs!$C$8)*(Inputs!$D$8-Inputs!$C$8)),Inputs!$E$8-SQRT((1-_xlpm.u)*(Inputs!$E$8-Inputs!$C$8)*(Inputs!$E$8-Inputs!$D$8)))) -> 33556.439 | F16: =_xlfn.LET(_xlpm.u,RAND(),_xlpm.f,(Inputs!$D$9-Inputs!$C$9)/(Inputs!$E$9-Inputs!$C$9),IF(_xlpm.u<_xlpm.f,Inputs!$C$9+SQRT(_xlpm.u*(Inputs!$E$9-Inputs!$C$9)*(Inputs!$D$9-Inputs!$C$9)),Inputs!$E$9-SQRT((1-_xlpm.u)*(Inputs!$E$9-Inputs!$C$9)*(Inputs!$E$9-Inputs!$D$9)))) -> 13927.747 | G16: =_xlfn.LET(_xlpm.u,RAND(),_xlpm.f,(Inputs!$D$10-Inputs!$C$10)/(Inputs!$E$10-Inputs!$C$10),IF(_xlpm.u<_xlpm.f,Inputs!$C$10+SQRT(_xlpm.u*(Inputs!$E$10-Inputs!$C$10)*(Inputs!$D$10-Inputs!$C$10)),Inputs!$E$10-SQRT((1-_xlpm.u)*(Inputs!$E$10-Inputs!$C$10)*(Inputs!$E$10-Inputs!$D$10)))) -> 6973.5373 | H16: =_xlfn.LET(_xlpm.u,RAND(),_xlpm.f,(Inputs!$D$11-Inputs!$C$11)/(Inputs!$E$11-Inputs!$C$11),IF(_xlpm.u<_xlpm.f,Inputs!$C$11+SQRT(_xlpm.u*(Inputs!$E$11-Inputs!$C$11)*(Inputs!$D$11-Inputs!$C$11)),Inputs!$E$11-SQRT((1-_xlpm.u)*(Inputs!$E$11-Inputs!$C$11)*(Inputs!$E$11-Inputs!$D$11)))) -> 11202.384
B17: 10 | C17: =SUM(D17:H17) -> 135449.64 | D17: =_xlfn.LET(_xlpm.u,RAND(),_xlpm.f,(Inputs!$D$7-Inputs!$C$7)/(Inputs!$E$7-Inputs!$C$7),IF(_xlpm.u<_xlpm.f,Inputs!$C$7+SQRT(_xlpm.u*(Inputs!$E$7-Inputs!$C$7)*(Inputs!$D$7-Inputs!$C$7)),Inputs!$E$7-SQRT((1-_xlpm.u)*(Inputs!$E$7-Inputs!$C$7)*(Inputs!$E$7-Inputs!$D$7)))) -> 74443.421 | E17: =_xlfn.LET(_xlpm.u,RAND(),_xlpm.f,(Inputs!$D$8-Inputs!$C$8)/(Inputs!$E$8-Inputs!$C$8),IF(_xlpm.u<_xlpm.f,Inputs!$C$8+SQRT(_xlpm.u*(Inputs!$E$8-Inputs!$C$8)*(Inputs!$D$8-Inputs!$C$8)),Inputs!$E$8-SQRT((1-_xlpm.u)*(Inputs!$E$8-Inputs!$C$8)*(Inputs!$E$8-Inputs!$D$8)))) -> 30134.495 | F17: =_xlfn.LET(_xlpm.u,RAND(),_xlpm.f,(Inputs!$D$9-Inputs!$C$9)/(Inputs!$E$9-Inputs!$C$9),IF(_xlpm.u<_xlpm.f,Inputs!$C$9+SQRT(_xlpm.u*(Inputs!$E$9-Inputs!$C$9)*(Inputs!$D$9-Inputs!$C$9)),Inputs!$E$9-SQRT((1-_xlpm.u)*(Inputs!$E$9-Inputs!$C$9)*(Inputs!$E$9-Inputs!$D$9)))) -> 16757.405 | G17: =_xlfn.LET(_xlpm.u,RAND(),_xlpm.f,(Inputs!$D$10-Inputs!$C$10)/(Inputs!$E$10-Inputs!$C$10),IF(_xlpm.u<_xlpm.f,Inputs!$C$10+SQRT(_xlpm.u*(Inputs!$E$10-Inputs!$C$10)*(Inputs!$D$10-Inputs!$C$10)),Inputs!$E$10-SQRT((1-_xlpm.u)*(Inputs!$E$10-Inputs!$C$10)*(Inputs!$E$10-Inputs!$D$10)))) -> 6126.7664 | H17: =_xlfn.LET(_xlpm.u,RAND(),_xlpm.f,(Inputs!$D$11-Inputs!$C$11)/(Inputs!$E$11-Inputs!$C$11),IF(_xlpm.u<_xlpm.f,Inputs!$C$11+SQRT(_xlpm.u*(Inputs!$E$11-Inputs!$C$11)*(Inputs!$D$11-Inputs!$C$11)),Inputs!$E$11-SQRT((1-_xlpm.u)*(Inputs!$E$11-Inputs!$C$11)*(Inputs!$E$11-Inputs!$D$11)))) -> 7987.5498
B18: 11 | C18: =SUM(D18:H18) -> 146615.23 | D18: =_xlfn.LET(_xlpm.u,RAND(),_xlpm.f,(Inputs!$D$7-Inputs!$C$7)/(Inputs!$E$7-Inputs!$C$7),IF(_xlpm.u<_xlpm.f,Inputs!$C$7+SQRT(_xlpm.u*(Inputs!$E$7-Inputs!$C$7)*(Inputs!$D$7-Inputs!$C$7)),Inputs!$E$7-SQRT((1-_xlpm.u)*(Inputs!$E$7-Inputs!$C$7)*(Inputs!$E$7-Inputs!$D$7)))) -> 90595.455 | E18: =_xlfn.LET(_xlpm.u,RAND(),_xlpm.f,(Inputs!$D$8-Inputs!$C$8)/(Inputs!$E$8-Inputs!$C$8),IF(_xlpm.u<_xlpm.f,Inputs!$C$8+SQRT(_xlpm.u*(Inputs!$E$8-Inputs!$C$8)*(Inputs!$D$8-Inputs!$C$8)),Inputs!$E$8-SQRT((1-_xlpm.u)*(Inputs!$E$8-Inputs!$C$8)*(Inputs!$E$8-Inputs!$D$8)))) -> 30216.573 | F18: =_xlfn.LET(_xlpm.u,RAND(),_xlpm.f,(Inputs!$D$9-Inputs!$C$9)/(Inputs!$E$9-Inputs!$C$9),IF(_xlpm.u<_xlpm.f,Inputs!$C$9+SQRT(_xlpm.u*(Inputs!$E$9-Inputs!$C$9)*(Inputs!$D$9-Inputs!$C$9)),Inputs!$E$9-SQRT((1-_xlpm.u)*(Inputs!$E$9-Inputs!$C$9)*(Inputs!$E$9-Inputs!$D$9)))) -> 10346.192 | G18: =_xlfn.LET(_xlpm.u,RAND(),_xlpm.f,(Inputs!$D$10-Inputs!$C$10)/(Inputs!$E$10-Inputs!$C$10),IF(_xlpm.u<_xlpm.f,Inputs!$C$10+SQRT(_xlpm.u*(Inputs!$E$10-Inputs!$C$10)*(Inputs!$D$10-Inputs!$C$10)),Inputs!$E$10-SQRT((1-_xlpm.u)*(Inputs!$E$10-Inputs!$C$10)*(Inputs!$E$10-Inputs!$D$10)))) -> 5225.4317 | H18: =_xlfn.LET(_xlpm.u,RAND(),_xlpm.f,(Inputs!$D$11-Inputs!$C$11)/(Inputs!$E$11-Inputs!$C$11),IF(_xlpm.u<_xlpm.f,Inputs!$C$11+SQRT(_xlpm.u*(Inputs!$E$11-Inputs!$C$11)*(Inputs!$D$11-Inputs!$C$11)),Inputs!$E$11-SQRT((1-_xlpm.u)*(Inputs!$E$11-Inputs!$C$11)*(Inputs!$E$11-Inputs!$D$11)))) -> 10231.576
B19: 12 | C19: =SUM(D19:H19) -> 161455.08 | D19: =_xlfn.LET(_xlpm.u,RAND(),_xlpm.f,(Inputs!$D$7-Inputs!$C$7)/(Inputs!$E$7-Inputs!$C$7),IF(_xlpm.u<_xlpm.f,Inputs!$C$7+SQRT(_xlpm.u*(Inputs!$E$7-Inputs!$C$7)*(Inputs!$D$7-Inputs!$C$7)),Inputs!$E$7-SQRT((1-_xlpm.u)*(Inputs!$E$7-Inputs!$C$7)*(Inputs!$E$7-Inputs!$D$7)))) -> 98553.816 | E19: =_xlfn.LET(_xlpm.u,RAND(),_xlpm.f,(Inputs!$D$8-Inputs!$C$8)/(Inputs!$E$8-Inputs!$C$8),IF(_xlpm.u<_xlpm.f,Inputs!$C$8+SQRT(_xlpm.u*(Inputs!$E$8-Inputs!$C$8)*(Inputs!$D$8-Inputs!$C$8)),Inputs!$E$8-SQRT((1-_xlpm.u)*(Inputs!$E$8-Inputs!$C$8)*(Inputs!$E$8-Inputs!$D$8)))) -> 25869.552 | F19: =_xlfn.LET(_xlpm.u,RAND(),_xlpm.f,(Inputs!$D$9-Inputs!$C$9)/(Inputs!$E$9-Inputs!$C$9),IF(_xlpm.u<_xlpm.f,Inputs!$C$9+SQRT(_xlpm.u*(Inputs!$E$9-Inputs!$C$9)*(Inputs!$D$9-Inputs!$C$9)),Inputs!$E$9-SQRT((1-_xlpm.u)*(Inputs!$E$9-Inputs!$C$9)*(Inputs!$E$9-Inputs!$D$9)))) -> 14744.506 | G19: =_xlfn.LET(_xlpm.u,RAND(),_xlpm.f,(Inputs!$D$10-Inputs!$C$10)/(Inputs!$E$10-Inputs!$C$10),IF(_xlpm.u<_xlpm.f,Inputs!$C$10+SQRT(_xlpm.u*(Inputs!$E$10-Inputs!$C$10)*(Inputs!$D$10-Inputs!$C$10)),Inputs!$E$10-SQRT((1-_xlpm.u)*(Inputs!$E$10-Inputs!$C$10)*(Inputs!$E$10-Inputs!$D$10)))) -> 5458.5861 | H19: =_xlfn.LET(_xlpm.u,RAND(),_xlpm.f,(Inputs!$D$11-Inputs!$C$11)/(Inputs!$E$11-Inputs!$C$11),IF(_xlpm.u<_xlpm.f,Inputs!$C$11+SQRT(_xlpm.u*(Inputs!$E$11-Inputs!$C$11)*(Inputs!$D$11-Inputs!$C$11)),Inputs!$E$11-SQRT((1-_xlpm.u)*(Inputs!$E$11-Inputs!$C$11)*(Inputs!$E$11-Inputs!$D$11)))) -> 16828.615
... B1007: 1000 | C1007: =SUM(D1007:H1007) -> 155501.03 | D1007: =_xlfn.LET(_xlpm.u,RAND(),_xlpm.f,(Inputs!$D$7-Inputs!$C$7)/(Inputs!$E$7-Inputs!$C$7),IF(_xlpm.u<_xlpm.f,Inputs!$C$7+SQRT(_xlpm.u*(Inputs!$E$7-Inputs!$C$7)*(Inputs!$D$7-Inputs!$C$7)),Inputs!$E$7-SQRT((1-_xlpm.u)*(Inputs!$E$7-Inputs!$C$7)*(Inputs!$E$7-Inputs!$D$7)))) -> 82523.519 | E1007: =_xlfn.LET(_xlpm.u,RAND(),_xlpm.f,(Inputs!$D$8-Inputs!$C$8)/(Inputs!$E$8-Inputs!$C$8),IF(_xlpm.u<_xlpm.f,Inputs!$C$8+SQRT(_xlpm.u*(Inputs!$E$8-Inputs!$C$8)*(Inputs!$D$8-Inputs!$C$8)),Inputs!$E$8-SQRT((1-_xlpm.u)*(Inputs!$E$8-Inputs!$C$8)*(Inputs!$E$8-Inputs!$D$8)))) -> 32484.455 | F1007: =_xlfn.LET(_xlpm.u,RAND(),_xlpm.f,(Inputs!$D$9-Inputs!$C$9)/(Inputs!$E$9-Inputs!$C$9),IF(_xlpm.u<_xlpm.f,Inputs!$C$9+SQRT(_xlpm.u*(Inputs!$E$9-Inputs!$C$9)*(Inputs!$D$9-Inputs!$C$9)),Inputs!$E$9-SQRT((1-_xlpm.u)*(Inputs!$E$9-Inputs!$C$9)*(Inputs!$E$9-Inputs!$D$9)))) -> 12094.287 | G1007: =_xlfn.LET(_xlpm.u,RAND(),_xlpm.f,(Inputs!$D$10-Inputs!$C$10)/(Inputs!$E$10-Inputs!$C$10),IF(_xlpm.u<_xlpm.f,Inputs!$C$10+SQRT(_xlpm.u*(Inputs!$E$10-Inputs!$C$10)*(Inputs!$D$10-Inputs!$C$10)),Inputs!$E$10-SQRT((1-_xlpm.u)*(Inputs!$E$10-Inputs!$C$10)*(Inputs!$E$10-Inputs!$D$10)))) -> 6051.5596 | H1007: =_xlfn.LET(_xlpm.u,RAND(),_xlpm.f,(Inputs!$D$11-Inputs!$C$11)/(Inputs!$E$11-Inputs!$C$11),IF(_xlpm.u<_xlpm.f,Inputs!$C$11+SQRT(_xlpm.u*(Inputs!$E$11-Inputs!$C$11)*(Inputs!$D$11-Inputs!$C$11)),Inputs!$E$11-SQRT((1-_xlpm.u)*(Inputs!$E$11-Inputs!$C$11)*(Inputs!$E$11-Inputs!$D$11)))) -> 22347.21

Sheet Analysis
B2: Simulation Analysis
B3: Statistical summary and distribution of results
B5: SUMMARY STATISTICS | E5: HISTOGRAM DATA
E6: Bin (Upper Bound) | F6: Frequency | G6: Cum. %
B7: Iterations | C7: =COUNTA(Simulation!C8:C1007) -> 1000 | E7: =$C$11+($C$12-$C$11)/20*1 -> 112445.41 | F7: =_xlfn.COUNTIFS(Simulation!C8:C1007,"<="&E7) -> 6 | G7: =SUM(F7:F7)/SUM(F7:F26) -> 0.006
B8: Mean | C8: =AVERAGE(Simulation!C8:C1007) -> 145057.7 | E8: =$C$11+($C$12-$C$11)/20*2 -> 116729.8 | F8: =_xlfn.COUNTIFS(Simulation!C8:C1007,">"&E7,Simulation!C8:C1007,"<="&E8) -> 21 | G8: =SUM(F7:F8)/SUM(F7:F26) -> 0.027
B9: Median | C9: =MEDIAN(Simulation!C8:C1007) -> 143728.69 | E9: =$C$11+($C$12-$C$11)/20*3 -> 121014.18 | F9: =_xlfn.COUNTIFS(Simulation!C8:C1007,">"&E8,Simulation!C8:C1007,"<="&E9) -> 25 | G9: =SUM(F7:F9)/SUM(F7:F26) -> 0.052
B10: Standard Deviation | C10: =STDEV(Simulation!C8:C1007) -> 15897.794 | E10: =$C$11+($C$12-$C$11)/20*4 -> 125298.57 | F10: =_xlfn.COUNTIFS(Simulation!C8:C1007,">"&E9,Simulation!C8:C1007,"<="&E10) -> 57 | G10: =SUM(F7:F10)/SUM(F7:F26) -> 0.109
B11: Minimum | C11: =MIN(Simulation!C8:C1007) -> 108161.02 | E11: =$C$11+($C$12-$C$11)/20*5 -> 129582.96 | F11: =_xlfn.COUNTIFS(Simulation!C8:C1007,">"&E10,Simulation!C8:C1007,"<="&E11) -> 63 | G11: =SUM(F7:F11)/SUM(F7:F26) -> 0.172
B12: Maximum | C12: =MAX(Simulation!C8:C1007) -> 193848.77 | E12: =$C$11+($C$12-$C$11)/20*6 -> 133867.35 | F12: =_xlfn.COUNTIFS(Simulation!C8:C1007,">"&E11,Simulation!C8:C1007,"<="&E12) -> 92 | G12: =SUM(F7:F12)/SUM(F7:F26) -> 0.264
B13: Range | C13: =C12-C11 -> 85687.743 | E13: =$C$11+($C$12-$C$11)/20*7 -> 138151.73 | F13: =_xlfn.COUNTIFS(Simulation!C8:C1007,">"&E12,Simulation!C8:C1007,"<="&E13) -> 102 | G13: =SUM(F7:F13)/SUM(F7:F26) -> 0.366
E14: =$C$11+($C$12-$C$11)/20*8 -> 142436.12 | F14: =_xlfn.COUNTIFS(Simulation!C8:C1007,">"&E13,Simulation!C8:C1007,"<="&E14) -> 95 | G14: =SUM(F7:F14)/SUM(F7:F26) -> 0.461
B15: PERCENTILE ANALYSIS | E15: =$C$11+($C$12-$C$11)/20*9 -> 146720.51 | F15: =_xlfn.COUNTIFS(Simulation!C8:C1007,">"&E14,Simulation!C8:C1007,"<="&E15) -> 96 | G15: =SUM(F7:F15)/SUM(F7:F26) -> 0.557
B16: P5 (5th Percentile) | C16: =PERCENTILE(Simulation!C8:C1007,0.05) -> 120917.95 | E16: =$C$11+($C$12-$C$11)/20*10 -> 151004.89 | F16: =_xlfn.COUNTIFS(Simulation!C8:C1007,">"&E15,Simulation!C8:C1007,"<="&E16) -> 91 | G16: =SUM(F7:F16)/SUM(F7:F26) -> 0.648
B17: P10 (10th Percentile) | C17: =PERCENTILE(Simulation!C8:C1007,0.1) -> 124804.15 | E17: =$C$11+($C$12-$C$11)/20*11 -> 155289.28 | F17: =_xlfn.COUNTIFS(Simulation!C8:C1007,">"&E16,Simulation!C8:C1007,"<="&E17) -> 80 | G17: =SUM(F7:F17)/SUM(F7:F26) -> 0.728
B18: P25 (25th Percentile) | C18: =PERCENTILE(Simulation!C8:C1007,0.25) -> 133506.63 | E18: =$C$11+($C$12-$C$11)/20*12 -> 159573.67 | F18: =_xlfn.COUNTIFS(Simulation!C8:C1007,">"&E17,Simulation!C8:C1007,"<="&E18) -> 81 | G18: =SUM(F7:F18)/SUM(F7:F26) -> 0.809
B19: P50 (Median) | C19: =PERCENTILE(Simulation!C8:C1007,0.5) -> 143728.69 | E19: =$C$11+($C$12-$C$11)/20*13 -> 163858.06 | F19: =_xlfn.COUNTIFS(Simulation!C8:C1007,">"&E18,Simulation!C8:C1007,"<="&E19) -> 66 | G19: =SUM(F7:F19)/SUM(F7:F26) -> 0.875
B20: P75 (75th Percentile) | C20: =PERCENTILE(Simulation!C8:C1007,0.75) -> 156749.98 | E20: =$C$11+($C$12-$C$11)/20*14 -> 168142.44 | F20: =_xlfn.COUNTIFS(Simulation!C8:C1007,">"&E19,Simulation!C8:C1007,"<="&E20) -> 47 | G20: =SUM(F7:F20)/SUM(F7:F26) -> 0.922
B21: P90 (90th Percentile) | C21: =PERCENTILE(Simulation!C8:C1007,0.9) -> 166129.21 | E21: =$C$11+($C$12-$C$11)/20*15 -> 172426.83 | F21: =_xlfn.COUNTIFS(Simulation!C8:C1007,">"&E20,Simulation!C8:C1007,"<="&E21) -> 27 | G21: =SUM(F7:F21)/SUM(F7:F26) -> 0.949
B22: P95 (95th Percentile) | C22: =PERCENTILE(Simulation!C8:C1007,0.95) -> 172556.11 | E22: =$C$11+($C$12-$C$11)/20*16 -> 176711.22 | F22: =_xlfn.COUNTIFS(Simulation!C8:C1007,">"&E21,Simulation!C8:C1007,"<="&E22) -> 21 | G22: =SUM(F7:F22)/SUM(F7:F26) -> 0.97
E23: =$C$11+($C$12-$C$11)/20*17 -> 180995.6 | F23: =_xlfn.COUNTIFS(Simulation!C8:C1007,">"&E22,Simulation!C8:C1007,"<="&E23) -> 18 | G23: =SUM(F7:F23)/SUM(F7:F26) -> 0.988
E24: =$C$11+($C$12-$C$11)/20*18 -> 185279.99 | F24: =_xlfn.COUNTIFS(Simulation!C8:C1007,">"&E23,Simulation!C8:C1007,"<="&E24) -> 4 | G24: =SUM(F7:F24)/SUM(F7:F26) -> 0.992
B25: CONFIDENCE INTERVALS | E25: =$C$11+($C$12-$C$11)/20*19 -> 189564.38 | F25: =_xlfn.COUNTIFS(Simulation!C8:C1007,">"&E24,Simulation!C8:C1007,"<="&E25) -> 5 | G25: =SUM(F7:F25)/SUM(F7:F26) -> 0.997
E26: =$C$11+($C$12-$C$11)/20*20 -> 193848.77 | F26: =_xlfn.COUNTIFS(Simulation!C8:C1007,">"&E25,Simulation!C8:C1007,"<="&E26) -> 3 | G26: =SUM(F7:F26)/SUM(F7:F26) -> 1
B27: 80% CI (P10 – P90) | C27: =TEXT(C17,"$#,##0")&" — "&TEXT(C21,"$#,##0") -> $124,804 — $166,129
B28: 90% CI (P5 – P95) | C28: =TEXT(C16,"$#,##0")&" — "&TEXT(C22,"$#,##0") -> $120,918 — $172,556
