Workbook

Sheet Leave-Summary
B2: EMPLOYEE LEAVE TRACKER | H2: Year: | I2: 2026
B4: Employee | C4: Department | D4: Vacation | G4: Sick Leave | J4: Personal | M4: Total
D5: Allowed | E5: Taken | F5: Balance | G5: Allowed | H5: Taken | I5: Balance | J5: Allowed | K5: Taken | L5: Balance | M5: Taken | N5: Balance
B6: Sarah Johnson | C6: Marketing | D6: 15 | E6: =_xlfn.SUMIFS('Leave-Log'!E:E,'Leave-Log'!B:B,B6,'Leave-Log'!D:D,"Vacation") -> 3 | F6: =D6-E6 -> 12 | G6: 10 | H6: =_xlfn.SUMIFS('Leave-Log'!E:E,'Leave-Log'!B:B,B6,'Leave-Log'!D:D,"Sick") -> 1 | I6: =G6-H6 -> 9 | J6: 3 | K6: =_xlfn.SUMIFS('Leave-Log'!E:E,'Leave-Log'!B:B,B6,'Leave-Log'!D:D,"Personal") -> 0 | L6: =J6-K6 -> 3 | M6: =E6+H6+K6 -> 4 | N6: =F6+I6+L6 -> 24
B7: Michael Chen | C7: Engineering | D7: 20 | E7: =_xlfn.SUMIFS('Leave-Log'!E:E,'Leave-Log'!B:B,B7,'Leave-Log'!D:D,"Vacation") -> 5 | F7: =D7-E7 -> 15 | G7: 12 | H7: =_xlfn.SUMIFS('Leave-Log'!E:E,'Leave-Log'!B:B,B7,'Leave-Log'!D:D,"Sick") -> 0 | I7: =G7-H7 -> 12 | J7: 3 | K7: =_xlfn.SUMIFS('Leave-Log'!E:E,'Leave-Log'!B:B,B7,'Leave-Log'!D:D,"Personal") -> 1 | L7: =J7-K7 -> 2 | M7: =E7+H7+K7 -> 6 | N7: =F7+I7+L7 -> 29
B8: Emily Davis | C8: Sales | D8: 15 | E8: =_xlfn.SUMIFS('Leave-Log'!E:E,'Leave-Log'!B:B,B8,'Leave-Log'!D:D,"Vacation") -> 4 | F8: =D8-E8 -> 11 | G8: 10 | H8: =_xlfn.SUMIFS('Leave-Log'!E:E,'Leave-Log'!B:B,B8,'Leave-Log'!D:D,"Sick") -> 0 | I8: =G8-H8 -> 10 | J8: 3 | K8: =_xlfn.SUMIFS('Leave-Log'!E:E,'Leave-Log'!B:B,B8,'Leave-Log'!D:D,"Personal") -> 0 | L8: =J8-K8 -> 3 | M8: =E8+H8+K8 -> 4 | N8: =F8+I8+L8 -> 24
B9: Robert Wilson | C9: Engineering | D9: 20 | E9: =_xlfn.SUMIFS('Leave-Log'!E:E,'Leave-Log'!B:B,B9,'Leave-Log'!D:D,"Vacation") -> 0 | F9: =D9-E9 -> 20 | G9: 12 | H9: =_xlfn.SUMIFS('Leave-Log'!E:E,'Leave-Log'!B:B,B9,'Leave-Log'!D:D,"Sick") -> 2 | I9: =G9-H9 -> 10 | J9: 3 | K9: =_xlfn.SUMIFS('Leave-Log'!E:E,'Leave-Log'!B:B,B9,'Leave-Log'!D:D,"Personal") -> 0 | L9: =J9-K9 -> 3 | M9: =E9+H9+K9 -> 2 | N9: =F9+I9+L9 -> 33
B10: Lisa Brown | C10: HR | D10: 18 | E10: =_xlfn.SUMIFS('Leave-Log'!E:E,'Leave-Log'!B:B,B10,'Leave-Log'!D:D,"Vacation") -> 0 | F10: =D10-E10 -> 18 | G10: 10 | H10: =_xlfn.SUMIFS('Leave-Log'!E:E,'Leave-Log'!B:B,B10,'Leave-Log'!D:D,"Sick") -> 0 | I10: =G10-H10 -> 10 | J10: 3 | K10: =_xlfn.SUMIFS('Leave-Log'!E:E,'Leave-Log'!B:B,B10,'Leave-Log'!D:D,"Personal") -> 0 | L10: =J10-K10 -> 3 | M10: =E10+H10+K10 -> 0 | N10: =F10+I10+L10 -> 31
B11: TOTAL / AVERAGE | D11: =AVERAGE(D6:D10) -> 17.6 | E11: =SUM(E6:E10) -> 12 | F11: =SUM(F6:F10) -> 76 | G11: =AVERAGE(G6:G10) -> 10.8 | H11: =SUM(H6:H10) -> 3 | I11: =SUM(I6:I10) -> 51 | J11: =AVERAGE(J6:J10) -> 3 | K11: =SUM(K6:K10) -> 1 | L11: =SUM(L6:L10) -> 14 | M11: =SUM(M6:M10) -> 16 | N11: =SUM(N6:N10) -> 141

Sheet Leave-Log
B2: LEAVE LOG | E2: Enter all leave requests below. The Summary sheet auto-calculates from this log.
B4: Employee Name | C4: Date | D4: Leave Type | E4: Days | F4: Return Date | G4: Notes | H4: Status
B5: Sarah Johnson | C5: 46034 | D5: Vacation | E5: 3 | F5: =C5+E5 -> 46037 | G5: Family vacation | H5: Approved
B6: Sarah Johnson | C6: 46086 | D6: Sick | E6: 1 | F6: =C6+E6 -> 46087 | H6: Approved
B7: Michael Chen | C7: 46067 | D7: Vacation | E7: 5 | F7: =C7+E7 -> 46072 | G7: Ski trip | H7: Approved
B8: Michael Chen | C8: 46042 | D8: Personal | E8: 1 | F8: =C8+E8 -> 46043 | G8: Appointment | H8: Approved
B9: Emily Davis | C9: 46096 | D9: Vacation | E9: 4 | F9: =C9+E9 -> 46100 | G9: Spring break | H9: Approved
B10: Robert Wilson | C10: 46055 | D10: Sick | E10: 2 | F10: =C10+E10 -> 46057 | G10: Flu | H10: Approved
F13: =IF(C13="","",C13+E13)
F14: =IF(C14="","",C14+E14)
F15: =IF(C15="","",C15+E15)
F16: =IF(C16="","",C16+E16)
F17: =IF(C17="","",C17+E17)
F18: =IF(C18="","",C18+E18)
F19: =IF(C19="","",C19+E19)
F20: =IF(C20="","",C20+E20)
F21: =IF(C21="","",C21+E21)
F22: =IF(C22="","",C22+E22)
F23: =IF(C23="","",C23+E23)
F24: =IF(C24="","",C24+E24)
... F30: =IF(C30="","",C30+E30)
